{
  "acc": 0.6430107526881721,
  "auroc_macro": 0.7527111806793245
}