{
  "acc": 0.6508620689655172,
  "auroc_macro": 0.798464724474886
}