{
  "acc": 0.6982758620689655,
  "auroc_macro": 0.7952453133177149
}