{
  "acc": 0.6487068965517241,
  "auroc_macro": 0.8038198036352106
}