{
  "acc": 0.603448275862069,
  "auroc_macro": 0.7594382799238407
}